Plate,SampleID,watershedCode,Location,Metacode,Species,Group,SiteID,Watershed_basin,Sampling_Year,Starting_Material
alignWWH1_PL9,3103-337,WC,WC,WWH_WC,Lahontan Cutthroat Trout,LCT,,Willow Creek,2020,Fin clips
alignWWH1_PL9,3103-338,WC,WC,WWH_WC,Lahontan Cutthroat Trout,LCT,,Willow Creek,2020,Fin clips
alignWWH1_PL9,3103-339,WC,WC,WWH_WC,Lahontan Cutthroat Trout,LCT,,Willow Creek,2020,Fin clips
alignWWH1_PL9,3103-345,WC,WC,WWH_WC,Lahontan Cutthroat Trout,LCT,,Willow Creek,2020,Fin clips
alignWWH1_PL9,3103-346,WC,WC,WWH_WC,Lahontan Cutthroat Trout,LCT,,Willow Creek,2020,Fin clips
alignWWH1_PL9,3103-353,WC,WC,WWH_WC,Lahontan Cutthroat Trout,LCT,,Willow Creek,2020,Fin clips
alignWWH1_PL9,3103-354,WC,WC,WWH_WC,Lahontan Cutthroat Trout,LCT,,Willow Creek,2020,Fin clips
alignWWH1_PL9,3103-361,WC,WC,WWH_WC,Lahontan Cutthroat Trout,LCT,,Willow Creek,2020,Fin clips
alignWWH1_PL9,3103-362,WC,WC,WWH_WC,Lahontan Cutthroat Trout,LCT,,Willow Creek,2020,Fin clips
alignWWH1_PL9,3103-369,WC,WC,WWH_WC,Lahontan Cutthroat Trout,LCT,,Willow Creek,2020,Fin clips
alignWWH1_PL9,3103-370,WC,WC,WWH_WC,Lahontan Cutthroat Trout,LCT,,Willow Creek,2020,Fin clips
alignWWH1_PL9,3103-377,WC,WC,WWH_WC,Lahontan Cutthroat Trout,LCT,,Willow Creek,2020,Fin clips
alignWWH1_PL9,3103-378,WC,WC,WWH_WC,Lahontan Cutthroat Trout,LCT,,Willow Creek,2020,Fin clips
alignWWH1_PL9,3103-385,WC,WC,WWH_WC,Lahontan Cutthroat Trout,LCT,,Willow Creek,2020,Fin clips
alignWWH1_PL9,3103-386,WC,WC,WWH_WC,Lahontan Cutthroat Trout,LCT,,Willow Creek,2020,Fin clips
alignWWH1_PL9,3103-387,WC,WC,WWH_WC,Lahontan Cutthroat Trout,LCT,,Willow Creek,2020,Fin clips
alignWWH1_PL9,3103-393,WC,WC,WWH_WC,Lahontan Cutthroat Trout,LCT,,Willow Creek,2020,Fin clips
alignWWH1_PL9,3103-394,WC,WC,WWH_WC,Lahontan Cutthroat Trout,LCT,,Willow Creek,2020,Fin clips
alignWWH1_PL9,3103-395,WC,WC,WWH_WC,Lahontan Cutthroat Trout,LCT,,Willow Creek,2020,Fin clips
alignWWH1_PL9,3103-401,WC,WC,WWH_WC,Lahontan Cutthroat Trout,LCT,,Willow Creek,2020,Fin clips
alignWWH1_PL9,3103-402,WC,WC,WWH_WC,Lahontan Cutthroat Trout,LCT,,Willow Creek,2020,Fin clips
alignWWH1_PL9,3103-403,WC,WC,WWH_WC,Lahontan Cutthroat Trout,LCT,,Willow Creek,2020,Fin clips
alignWWH1_PL9,3103-409,WC,WC,WWH_WC,Lahontan Cutthroat Trout,LCT,,Willow Creek,2020,Fin clips
alignWWH1_PL9,3103-410,WC,WC,WWH_WC,Lahontan Cutthroat Trout,LCT,,Willow Creek,2020,Fin clips
alignWWH1_PL9,3103-411,WC,WC,WWH_WC,Lahontan Cutthroat Trout,LCT,,Willow Creek,2020,Fin clips
alignWWH1_PL9,3103-417,WC,WC,WWH_WC,Lahontan Cutthroat Trout,LCT,,Willow Creek,2020,Fin clips
alignWWH1_PL9,3103-418,WC,WC,WWH_WC,Lahontan Cutthroat Trout,LCT,,Willow Creek,2020,Fin clips
alignWWH1_PL9,3103-425,WC,WC,WWH_WC,Lahontan Cutthroat Trout,LCT,,Willow Creek,2020,Fin clips
alignWWH1_PL9,3103-426,WC,WC,WWH_WC,Lahontan Cutthroat Trout,LCT,,Willow Creek,2020,Fin clips
alignWWH1_PL9,3103-433,WC,WC,WWH_WC,Lahontan Cutthroat Trout,LCT,,Willow Creek,2020,Fin clips
alignWWH1_PL9,3103-434,WC,WC,WWH_WC,Lahontan Cutthroat Trout,LCT,,Willow Creek,2020,Fin clips
alignWWH1_PL9,3103-435,WC,WC,WWH_WC,Lahontan Cutthroat Trout,LCT,,Willow Creek,2020,Fin clips
alignWWH1_PL9,3103-436,WC,WC,WWH_WC,Lahontan Cutthroat Trout,LCT,,Willow Creek,2020,Fin clips
alignWWH1_PL9,3103-437,WC,WC,WWH_WC,Lahontan Cutthroat Trout,LCT,,Willow Creek,2020,Fin clips
alignWWH1_PL9,3103-438,WC,WC,WWH_WC,Lahontan Cutthroat Trout,LCT,,Willow Creek,2020,Fin clips
alignWWH1_PL9,3103-439,WC,WC,WWH_WC,Lahontan Cutthroat Trout,LCT,,Willow Creek,2020,Fin clips
alignWWH1_PL9,3103-440,WC,WC,WWH_WC,Lahontan Cutthroat Trout,LCT,,Willow Creek,2020,Fin clips
alignWWH1_PL9,3103-441,WC,WC,WWH_WC,Lahontan Cutthroat Trout,LCT,,Willow Creek,2020,Fin clips
alignWWH1_PL9,3103-442,WC,WC,WWH_WC,Lahontan Cutthroat Trout,LCT,,Willow Creek,2020,Fin clips
alignWWH1_PL9,3103-443,WC,WC,WWH_WC,Lahontan Cutthroat Trout,LCT,,Willow Creek,2020,Fin clips
alignWWH1_PL9,3103-444,WC,WC,WWH_WC,Lahontan Cutthroat Trout,LCT,,Willow Creek,2020,Fin clips
alignWWH1_PL9,3103-445,WC,WC,WWH_WC,Lahontan Cutthroat Trout,LCT,,Willow Creek,2020,Fin clips
alignWWH1_PL9,3103-446,WC,WC,WWH_WC,Lahontan Cutthroat Trout,LCT,,Willow Creek,2020,Fin clips
alignWWH1_PL9,3103-447,WC,WC,WWH_WC,Lahontan Cutthroat Trout,LCT,,Willow Creek,2020,Fin clips
alignWWH1_PL9,3103-448,WC,WC,WWH_WC,Lahontan Cutthroat Trout,LCT,,Willow Creek,2020,Fin clips
alignWWH1_PL9,3103-449,WC,WC,WWH_WC,Lahontan Cutthroat Trout,LCT,,Willow Creek,2020,Fin clips
alignWWH1_PL9,3103-450,WC,WC,WWH_WC,Lahontan Cutthroat Trout,LCT,,Willow Creek,2020,Fin clips
alignWWH1_PL9,3103-451,WC,WC,WWH_WC,Lahontan Cutthroat Trout,LCT,,Willow Creek,2020,Fin clips
alignWWH1_PL9,3103-452,WC,WC,WWH_WC,Lahontan Cutthroat Trout,LCT,,Willow Creek,2020,Fin clips
alignWWH1_PL9,3103-453,WC,WC,WWH_WC,Lahontan Cutthroat Trout,LCT,,Willow Creek,2020,Fin clips
alignWWH1_PL9,3103-454,WC,WC,WWH_WC,Lahontan Cutthroat Trout,LCT,,Willow Creek,2020,Fin clips
alignWWH1_PL9,3103-455,WC,WC,WWH_WC,Lahontan Cutthroat Trout,LCT,,Willow Creek,2020,Fin clips
alignWWH1_PL9,3103-456,WC,WC,WWH_WC,Lahontan Cutthroat Trout,LCT,,Willow Creek,2020,Fin clips
alignWWH1_PL9,3103-457,WC,WC,WWH_WC,Lahontan Cutthroat Trout,LCT,,Willow Creek,2020,Fin clips
alignWWH1_PL9,3103-458,WC,WC,WWH_WC,Lahontan Cutthroat Trout,LCT,,Willow Creek,2020,Fin clips
alignWWH1_PL9,3103-459,WC,WC,WWH_WC,Lahontan Cutthroat Trout,LCT,,Willow Creek,2020,Fin clips
alignWWH1_PL9,3103-460,WC,WC,WWH_WC,Lahontan Cutthroat Trout,LCT,,Willow Creek,2020,Fin clips
alignWWH1_PL9,3103-461,WC,WC,WWH_WC,Lahontan Cutthroat Trout,LCT,,Willow Creek,2020,Fin clips
alignWWH1_PL9,3103-462,WC,WC,WWH_WC,Lahontan Cutthroat Trout,LCT,,Willow Creek,2020,Fin clips
alignWWH1_PL9,3103-463,WC,WC,WWH_WC,Lahontan Cutthroat Trout,LCT,,Willow Creek,2020,Fin clips
alignWWH1_PL9,3103-464,WC,WC,WWH_WC,Lahontan Cutthroat Trout,LCT,,Willow Creek,2020,Fin clips
alignWWH1_PL9,3103-465,WC,WC,WWH_WC,Lahontan Cutthroat Trout,LCT,,Willow Creek,2020,Fin clips
alignWWH1_PL9,3103-466,WC,WC,WWH_WC,Lahontan Cutthroat Trout,LCT,,Willow Creek,2020,Fin clips
alignWWH1_PL9,3103-467,WC,WC,WWH_WC,Lahontan Cutthroat Trout,LCT,,Willow Creek,2020,Fin clips
alignWWH1_PL9,3103-468,WC,WC,WWH_WC,Lahontan Cutthroat Trout,LCT,,Willow Creek,2020,Fin clips
alignWWH1_PL9,3103-469,WC,WC,WWH_WC,Lahontan Cutthroat Trout,LCT,,Willow Creek,2020,Fin clips
alignWWH1_PL9,3103-470,WC,WC,WWH_WC,Lahontan Cutthroat Trout,LCT,,Willow Creek,2020,Fin clips
alignWWH1_PL9,3103-471,WC,WC,WWH_WC,Lahontan Cutthroat Trout,LCT,,Willow Creek,2020,Fin clips
alignWWH1_PL9,3103-472,WC,WC,WWH_WC,Lahontan Cutthroat Trout,LCT,,Willow Creek,2020,Fin clips
alignWWH1_PL9,3103-473,WC,WC,WWH_WC,Lahontan Cutthroat Trout,LCT,,Willow Creek,2020,Fin clips
alignWWH1_PL9,3103-474,WC,WC,WWH_WC,Lahontan Cutthroat Trout,LCT,,Willow Creek,2020,Fin clips
alignWWH1_PL9,3103-475,WC,WC,WWH_WC,Lahontan Cutthroat Trout,LCT,,Willow Creek,2020,Fin clips
alignWWH1_PL9,3103-476,WC,WC,WWH_WC,Lahontan Cutthroat Trout,LCT,,Willow Creek,2020,Fin clips
alignWWH1_PL9,3103-477,WC,WC,WWH_WC,Lahontan Cutthroat Trout,LCT,,Willow Creek,2020,Fin clips
alignWWH1_PL9,3103-478,WC,WC,WWH_WC,Lahontan Cutthroat Trout,LCT,,Willow Creek,2020,Fin clips
alignWWH1_PL9,3103-479,WC,WC,WWH_WC,Lahontan Cutthroat Trout,LCT,,Willow Creek,2020,Fin clips
alignWWH1_PL9,3103-480,WC,WC,WWH_WC,Lahontan Cutthroat Trout,LCT,,Willow Creek,2020,Fin clips
alignWWH1_PL9,3103-481,WC,WC,WWH_WC,Lahontan Cutthroat Trout,LCT,,Willow Creek,2020,Fin clips
alignWWH1_PL9,3103-482,WC,WC,WWH_WC,Lahontan Cutthroat Trout,LCT,,Willow Creek,2020,Fin clips
alignWWH1_PL9,3103-483,WC,WC,WWH_WC,Lahontan Cutthroat Trout,LCT,,Willow Creek,2020,Fin clips
alignWWH1_PL9,3103-489,WC,WC,WWH_WC,Lahontan Cutthroat Trout,LCT,,Willow Creek,2020,Fin clips
alignWWH1_PL9,3103-490,WC,WC,WWH_WC,Lahontan Cutthroat Trout,LCT,,Willow Creek,2020,Fin clips
alignWWH1_PL9,3103-491,WC,WC,WWH_WC,Lahontan Cutthroat Trout,LCT,,Willow Creek,2020,Fin clips
alignWWH1_PL9,3103-497,WC,WC,WWH_WC,Lahontan Cutthroat Trout,LCT,,Willow Creek,2020,Fin clips
alignWWH1_PL9,3103-498,WC,WC,WWH_WC,Lahontan Cutthroat Trout,LCT,,Willow Creek,2020,Fin clips
alignWWH1_PL9,3103-505,WC,WC,WWH_WC,Lahontan Cutthroat Trout,LCT,,Willow Creek,2020,Fin clips
alignWWH1_PL9,3103-506,WC,WC,WWH_WC,Lahontan Cutthroat Trout,LCT,,Willow Creek,2020,Fin clips
alignWWH1_PL9,3103-513,WC,WC,WWH_WC,Lahontan Cutthroat Trout,LCT,,Willow Creek,2020,Fin clips
alignWWH1_PL9,3103-514,WC,WC,WWH_WC,Lahontan Cutthroat Trout,LCT,,Willow Creek,2020,Fin clips
alignWWH1_PL9,3103-521,WC,WC,WWH_WC,Lahontan Cutthroat Trout,LCT,,Willow Creek,2020,Fin clips
alignWWH1_PL9,3103-522,WC,WC,WWH_WC,Lahontan Cutthroat Trout,LCT,,Willow Creek,2020,Fin clips
alignWWH2_pl10,3103-484,WC,WC,WWH_WC,Lahontan Cutthroat Trout,LCT,,Willow Creek,2020,Fin clips
alignWWH2_pl10,3103-485,WC,WC,WWH_WC,Lahontan Cutthroat Trout,LCT,,Willow Creek,2020,Fin clips
alignWWH2_pl10,3103-492,WC,WC,WWH_WC,Lahontan Cutthroat Trout,LCT,,Willow Creek,2020,Fin clips
alignWWH2_pl10,3103-494,WC,WC,WWH_WC,Lahontan Cutthroat Trout,LCT,,Willow Creek,2020,Fin clips
alignWWH2_pl10,3103-495,WC,WC,WWH_WC,Lahontan Cutthroat Trout,LCT,,Willow Creek,2020,Fin clips
alignWWH2_pl10,3103-496,WC,WC,WWH_WC,Lahontan Cutthroat Trout,LCT,,Willow Creek,2020,Fin clips
alignWWH2_pl10,3103-499,WC,WC,WWH_WC,Lahontan Cutthroat Trout,LCT,,Willow Creek,2020,Fin clips
alignWWH2_pl10,3103-500,WC,WC,WWH_WC,Lahontan Cutthroat Trout,LCT,,Willow Creek,2020,Fin clips
alignWWH2_pl10,3103-501,WC,WC,WWH_WC,Lahontan Cutthroat Trout,LCT,,Willow Creek,2020,Fin clips
alignWWH2_pl10,3103-502,WC,WC,WWH_WC,Lahontan Cutthroat Trout,LCT,,Willow Creek,2020,Fin clips
alignWWH2_pl10,3103-503,WC,WC,WWH_WC,Lahontan Cutthroat Trout,LCT,,Willow Creek,2020,Fin clips
alignWWH2_pl10,3103-504,WC,WC,WWH_WC,Lahontan Cutthroat Trout,LCT,,Willow Creek,2020,Fin clips
alignWWH2_pl10,3103-507,WC,WC,WWH_WC,Lahontan Cutthroat Trout,LCT,,Willow Creek,2020,Fin clips
alignWWH2_pl10,3103-508,WC,WC,WWH_WC,Lahontan Cutthroat Trout,LCT,,Willow Creek,2020,Fin clips
alignWWH2_pl10,3103-509,WC,WC,WWH_WC,Lahontan Cutthroat Trout,LCT,,Willow Creek,2020,Fin clips
alignWWH2_pl10,3103-510,WC,WC,WWH_WC,Lahontan Cutthroat Trout,LCT,,Willow Creek,2020,Fin clips
alignWWH2_pl10,3103-511,WC,WC,WWH_WC,Lahontan Cutthroat Trout,LCT,,Willow Creek,2020,Fin clips
alignWWH2_pl10,3103-512,WC,WC,WWH_WC,Lahontan Cutthroat Trout,LCT,,Willow Creek,2020,Fin clips
alignWWH2_pl10,3103-515,WC,WC,WWH_WC,Lahontan Cutthroat Trout,LCT,,Willow Creek,2020,Fin clips
alignWWH2_pl10,3103-516,WC,WC,WWH_WC,Lahontan Cutthroat Trout,LCT,,Willow Creek,2020,Fin clips
alignWWH2_pl10,3103-517,WC,WC,WWH_WC,Lahontan Cutthroat Trout,LCT,,Willow Creek,2020,Fin clips
alignWWH2_pl10,3103-518,WC,WC,WWH_WC,Lahontan Cutthroat Trout,LCT,,Willow Creek,2020,Fin clips
alignWWH2_pl10,3103-519,WC,WC,WWH_WC,Lahontan Cutthroat Trout,LCT,,Willow Creek,2020,Fin clips
alignWWH2_pl10,3103-520,WC,WC,WWH_WC,Lahontan Cutthroat Trout,LCT,,Willow Creek,2020,Fin clips
alignWWH2_pl10,3103-523,WC,WC,WWH_WC,Lahontan Cutthroat Trout,LCT,,Willow Creek,2020,Fin clips
alignWWH2_pl10,3103-524,WC,WC,WWH_WC,Lahontan Cutthroat Trout,LCT,,Willow Creek,2020,Fin clips
alignWWH2_pl10,3103-525,WC,WC,WWH_WC,Lahontan Cutthroat Trout,LCT,,Willow Creek,2020,Fin clips
alignWWH2_pl10,3103-526,WC,WC,WWH_WC,Lahontan Cutthroat Trout,LCT,,Willow Creek,2020,Fin clips
alignWWH2_pl10,3103-527,WC,WC,WWH_WC,Lahontan Cutthroat Trout,LCT,,Willow Creek,2020,Fin clips
alignWWH2_pl10,3103-528,WC,WC,WWH_WC,Lahontan Cutthroat Trout,LCT,,Willow Creek,2020,Fin clips
alignWWH2_pl10,3103-577,LWHC,LWHC,WWH_LWHC,Lahontan Cutthroat Trout,LCT,WWH,Little Whitehorse Creek,2020,Fin clips
alignWWH2_pl10,3103-578,LWHC,LWHC,WWH_LWHC,Lahontan Cutthroat Trout,LCT,WWH,Little Whitehorse Creek,2020,Fin clips
alignWWH2_pl10,3103-579,LWHC,LWHC,WWH_LWHC,Lahontan Cutthroat Trout,LCT,WWH,Little Whitehorse Creek,2020,Fin clips
alignWWH2_pl10,3103-580,LWHC,LWHC,WWH_LWHC,Lahontan Cutthroat Trout,LCT,WWH,Little Whitehorse Creek,2020,Fin clips
alignWWH2_pl10,3103-581,LWHC,LWHC,WWH_LWHC,Lahontan Cutthroat Trout,LCT,WWH,Little Whitehorse Creek,2020,Fin clips
alignWWH2_pl10,3103-582,LWHC,LWHC,WWH_LWHC,Lahontan Cutthroat Trout,LCT,WWH,Little Whitehorse Creek,2020,Fin clips
alignWWH2_pl10,3103-583,LWHC,LWHC,WWH_LWHC,Lahontan Cutthroat Trout,LCT,WWH,Little Whitehorse Creek,2020,Fin clips
alignWWH2_pl10,3103-584,LWHC,LWHC,WWH_LWHC,Lahontan Cutthroat Trout,LCT,WWH,Little Whitehorse Creek,2020,Fin clips
alignWWH2_pl10,3103-585,LWHC,LWHC,WWH_LWHC,Lahontan Cutthroat Trout,LCT,WWH,Little Whitehorse Creek,2020,Fin clips
alignWWH2_pl10,3103-586,LWHC,LWHC,WWH_LWHC,Lahontan Cutthroat Trout,LCT,WWH,Little Whitehorse Creek,2020,Fin clips
alignWWH2_pl10,3103-587,LWHC,LWHC,WWH_LWHC,Lahontan Cutthroat Trout,LCT,WWH,Little Whitehorse Creek,2020,Fin clips
alignWWH2_pl10,3103-588,LWHC,LWHC,WWH_LWHC,Lahontan Cutthroat Trout,LCT,WWH,Little Whitehorse Creek,2020,Fin clips
alignWWH2_pl10,3103-589,LWHC,LWHC,WWH_LWHC,Lahontan Cutthroat Trout,LCT,WWH,Little Whitehorse Creek,2020,Fin clips
alignWWH2_pl10,3103-590,LWHC,LWHC,WWH_LWHC,Lahontan Cutthroat Trout,LCT,WWH,Little Whitehorse Creek,2020,Fin clips
alignWWH2_pl10,3103-591,LWHC,LWHC,WWH_LWHC,Lahontan Cutthroat Trout,LCT,WWH,Little Whitehorse Creek,2020,Fin clips
alignWWH2_pl10,3103-592,LWHC,LWHC,WWH_LWHC,Lahontan Cutthroat Trout,LCT,WWH,Little Whitehorse Creek,2020,Fin clips
alignWWH2_pl10,3103-593,LWHC,LWHC,WWH_LWHC,Lahontan Cutthroat Trout,LCT,WWH,Little Whitehorse Creek,2020,Fin clips
alignWWH2_pl10,3103-594,LWHC,LWHC,WWH_LWHC,Lahontan Cutthroat Trout,LCT,WWH,Little Whitehorse Creek,2020,Fin clips
alignWWH2_pl10,3103-595,LWHC,LWHC,WWH_LWHC,Lahontan Cutthroat Trout,LCT,WWH,Little Whitehorse Creek,2020,Fin clips
alignWWH2_pl10,3103-596,LWHC,LWHC,WWH_LWHC,Lahontan Cutthroat Trout,LCT,WWH,Little Whitehorse Creek,2020,Fin clips
alignWWH2_pl10,3103-597,LWHC,LWHC,WWH_LWHC,Lahontan Cutthroat Trout,LCT,WWH,Little Whitehorse Creek,2020,Fin clips
alignWWH2_pl10,3103-598,LWHC,LWHC,WWH_LWHC,Lahontan Cutthroat Trout,LCT,WWH,Little Whitehorse Creek,2020,Fin clips
alignWWH2_pl10,3103-599,LWHC,LWHC,WWH_LWHC,Lahontan Cutthroat Trout,LCT,WWH,Little Whitehorse Creek,2020,Fin clips
alignWWH2_pl10,3103-600,LWHC,LWHC,WWH_LWHC,Lahontan Cutthroat Trout,LCT,WWH,Little Whitehorse Creek,2020,Fin clips
alignWWH2_pl10,3103-601,LWHC,LWHC,WWH_LWHC,Lahontan Cutthroat Trout,LCT,WWH,Little Whitehorse Creek,2020,Fin clips
alignWWH2_pl10,3103-602,LWHC,LWHC,WWH_LWHC,Lahontan Cutthroat Trout,LCT,WWH,Little Whitehorse Creek,2020,Fin clips
alignWWH2_pl10,3103-603,LWHC,LWHC,WWH_LWHC,Lahontan Cutthroat Trout,LCT,WWH,Little Whitehorse Creek,2020,Fin clips
alignWWH2_pl10,3103-604,LWHC,LWHC,WWH_LWHC,Lahontan Cutthroat Trout,LCT,WWH,Little Whitehorse Creek,2020,Fin clips
alignWWH2_pl10,3103-605,LWHC,LWHC,WWH_LWHC,Lahontan Cutthroat Trout,LCT,WWH,Little Whitehorse Creek,2020,Fin clips
alignWWH2_pl10,3103-606,LWHC,LWHC,WWH_LWHC,Lahontan Cutthroat Trout,LCT,WWH,Little Whitehorse Creek,2020,Fin clips
alignWWH2_pl10,3103-607,LWHC,LWHC,WWH_LWHC,Lahontan Cutthroat Trout,LCT,WWH,Little Whitehorse Creek,2020,Fin clips
alignWWH2_pl10,3103-608,LWHC,LWHC,WWH_LWHC,Lahontan Cutthroat Trout,LCT,WWH,Little Whitehorse Creek,2020,Fin clips
alignWWH2_pl10,3103-609,LWHC,LWHC,WWH_LWHC,Lahontan Cutthroat Trout,LCT,WWH,Little Whitehorse Creek,2020,Fin clips
alignWWH2_pl10,3103-610,LWHC,LWHC,WWH_LWHC,Lahontan Cutthroat Trout,LCT,WWH,Little Whitehorse Creek,2020,Fin clips
alignWWH2_pl10,3103-611,LWHC,LWHC,WWH_LWHC,Lahontan Cutthroat Trout,LCT,WWH,Little Whitehorse Creek,2020,Fin clips
alignWWH2_pl10,3103-612,LWHC,LWHC,WWH_LWHC,Lahontan Cutthroat Trout,LCT,WWH,Little Whitehorse Creek,2020,Fin clips
alignWWH2_pl10,3103-613,LWHC,LWHC,WWH_LWHC,Lahontan Cutthroat Trout,LCT,WWH,Little Whitehorse Creek,2020,Fin clips
alignWWH2_pl10,3103-614,LWHC,LWHC,WWH_LWHC,Lahontan Cutthroat Trout,LCT,WWH,Little Whitehorse Creek,2020,Fin clips
alignWWH2_pl10,3103-615,LWHC,LWHC,WWH_LWHC,Lahontan Cutthroat Trout,LCT,WWH,Little Whitehorse Creek,2020,Fin clips
alignWWH2_pl10,3103-616,WHC,WHC,WWH_WHC,Lahontan Cutthroat Trout,LCT,,Whitehorse Creek,2020,Fin clips
alignWWH2_pl10,3103-617,WHC,WHC,WWH_WHC,Lahontan Cutthroat Trout,LCT,,Whitehorse Creek,2020,Fin clips
alignWWH2_pl10,3103-618,WHC,WHC,WWH_WHC,Lahontan Cutthroat Trout,LCT,,Whitehorse Creek,2020,Fin clips
alignWWH2_pl10,3103-619,WHC,WHC,WWH_WHC,Lahontan Cutthroat Trout,LCT,,Whitehorse Creek,2020,Fin clips
alignWWH2_pl10,3103-620,WHC,WHC,WWH_WHC,Lahontan Cutthroat Trout,LCT,,Whitehorse Creek,2020,Fin clips
alignWWH2_pl10,3103-621,WHC,WHC,WWH_WHC,Lahontan Cutthroat Trout,LCT,,Whitehorse Creek,2020,Fin clips
alignWWH2_pl10,3103-622,WHC,WHC,WWH_WHC,Lahontan Cutthroat Trout,LCT,,Whitehorse Creek,2020,Fin clips
alignWWH2_pl10,3103-623,WHC,WHC,WWH_WHC,Lahontan Cutthroat Trout,LCT,,Whitehorse Creek,2020,Fin clips
alignWWH2_pl10,3103-624,WHC,WHC,WWH_WHC,Lahontan Cutthroat Trout,LCT,,Whitehorse Creek,2020,Fin clips
alignWWH2_pl10,3103-673,WC,WC,WWH_WC,Lahontan Cutthroat Trout,LCT,,Willow Creek,2020,Fin clips
alignWWH2_pl10,3103-674,WC,WC,WWH_WC,Lahontan Cutthroat Trout,LCT,,Willow Creek,2020,Fin clips
alignWWH2_pl10,3103-675,WC,WC,WWH_WC,Lahontan Cutthroat Trout,LCT,,Willow Creek,2020,Fin clips
alignWWH2_pl10,3103-676,WC,WC,WWH_WC,Lahontan Cutthroat Trout,LCT,,Willow Creek,2020,Fin clips
alignWWH2_pl10,3103-677,WC,WC,WWH_WC,Lahontan Cutthroat Trout,LCT,,Willow Creek,2020,Fin clips
alignWWH2_pl10,3103-678,WC,WC,WWH_WC,Lahontan Cutthroat Trout,LCT,,Willow Creek,2020,Fin clips
alignWWH2_pl10,3103-679,WC,WC,WWH_WC,Lahontan Cutthroat Trout,LCT,,Willow Creek,2020,Fin clips
alignWWH2_pl10,3103-681,WC,WC,WWH_WC,Lahontan Cutthroat Trout,LCT,,Willow Creek,2020,Fin clips
alignWWH2_pl10,3103-682,WC,WC,WWH_WC,Lahontan Cutthroat Trout,LCT,,Willow Creek,2020,Fin clips
alignWWH2_pl10,3103-683,WC,WC,WWH_WC,Lahontan Cutthroat Trout,LCT,,Willow Creek,2020,Fin clips
alignWWH2_pl10,3103-684,WC,WC,WWH_WC,Lahontan Cutthroat Trout,LCT,,Willow Creek,2020,Fin clips
alignWWH2_pl10,3103-685,WC,WC,WWH_WC,Lahontan Cutthroat Trout,LCT,,Willow Creek,2020,Fin clips
alignWWH2_pl10,3103-686,WC,WC,WWH_WC,Lahontan Cutthroat Trout,LCT,,Willow Creek,2020,Fin clips
alignWWH2_pl10,3103-689,WC,WC,WWH_WC,Lahontan Cutthroat Trout,LCT,,Willow Creek,2020,Fin clips
alignWWH3_PL11,3103-529,WHC,WHC,WWH_WHC,Lahontan Cutthroat Trout,LCT,WWH,Whitehorse Creek,2020,fin clips
alignWWH3_PL11,3103-530,WHC,WHC,WWH_WHC,Lahontan Cutthroat Trout,LCT,WWH,Whitehorse Creek,2020,fin clips
alignWWH3_PL11,3103-531,WHC,WHC,WWH_WHC,Lahontan Cutthroat Trout,LCT,WWH,Whitehorse Creek,2020,fin clips
alignWWH3_PL11,3103-532,WHC,WHC,WWH_WHC,Lahontan Cutthroat Trout,LCT,WWH,Whitehorse Creek,2020,fin clips
alignWWH3_PL11,3103-533,WHC,WHC,WWH_WHC,Lahontan Cutthroat Trout,LCT,WWH,Whitehorse Creek,2020,fin clips
alignWWH3_PL11,3103-534,WHC,WHC,WWH_WHC,Lahontan Cutthroat Trout,LCT,WWH,Whitehorse Creek,2020,fin clips
alignWWH3_PL11,3103-535,WHC,WHC,WWH_WHC,Lahontan Cutthroat Trout,LCT,WWH,Whitehorse Creek,2020,fin clips
alignWWH3_PL11,3103-536,WHC,WHC,WWH_WHC,Lahontan Cutthroat Trout,LCT,WWH,Whitehorse Creek,2020,fin clips
alignWWH3_PL11,3103-537,WHC,WHC,WWH_WHC,Lahontan Cutthroat Trout,LCT,WWH,Whitehorse Creek,2020,fin clips
alignWWH3_PL11,3103-538,WHC,WHC,WWH_WHC,Lahontan Cutthroat Trout,LCT,WWH,Whitehorse Creek,2020,fin clips
alignWWH3_PL11,3103-539,WHC,WHC,WWH_WHC,Lahontan Cutthroat Trout,LCT,WWH,Whitehorse Creek,2020,fin clips
alignWWH3_PL11,3103-540,WHC,WHC,WWH_WHC,Lahontan Cutthroat Trout,LCT,WWH,Whitehorse Creek,2020,fin clips
alignWWH3_PL11,3103-541,WHC,WHC,WWH_WHC,Lahontan Cutthroat Trout,LCT,WWH,Whitehorse Creek,2020,fin clips
alignWWH3_PL11,3103-542,WHC,WHC,WWH_WHC,Lahontan Cutthroat Trout,LCT,WWH,Whitehorse Creek,2020,fin clips
alignWWH3_PL11,3103-543,WHC,WHC,WWH_WHC,Lahontan Cutthroat Trout,LCT,WWH,Whitehorse Creek,2020,fin clips
alignWWH3_PL11,3103-544,WHC,WHC,WWH_WHC,Lahontan Cutthroat Trout,LCT,WWH,Whitehorse Creek,2020,fin clips
alignWWH3_PL11,3103-545,WHC,WHC,WWH_WHC,Lahontan Cutthroat Trout,LCT,WWH,Whitehorse Creek,2020,fin clips
alignWWH3_PL11,3103-546,WHC,WHC,WWH_WHC,Lahontan Cutthroat Trout,LCT,WWH,Whitehorse Creek,2020,fin clips
alignWWH3_PL11,3103-547,WHC,WHC,WWH_WHC,Lahontan Cutthroat Trout,LCT,WWH,Whitehorse Creek,2020,fin clips
alignWWH3_PL11,3103-548,WHC,WHC,WWH_WHC,Lahontan Cutthroat Trout,LCT,WWH,Whitehorse Creek,2020,fin clips
alignWWH3_PL11,3103-549,WHC,WHC,WWH_WHC,Lahontan Cutthroat Trout,LCT,WWH,Whitehorse Creek,2020,fin clips
alignWWH3_PL11,3103-550,WHC,WHC,WWH_WHC,Lahontan Cutthroat Trout,LCT,WWH,Whitehorse Creek,2020,fin clips
alignWWH3_PL11,3103-551,WHC,WHC,WWH_WHC,Lahontan Cutthroat Trout,LCT,WWH,Whitehorse Creek,2020,fin clips
alignWWH3_PL11,3103-552,WHC,WHC,WWH_WHC,Lahontan Cutthroat Trout,LCT,WWH,Whitehorse Creek,2020,fin clips
alignWWH3_PL11,3103-553,LWHC,WHC,WWH_WHC,Lahontan Cutthroat Trout,LCT,WWH,Little Whitehorse Creek,2020,fin clips
alignWWH3_PL11,3103-554,WWH,WWH,WWH_WWH,Lahontan Cutthroat Trout,LCT,WWH,willow whitehorse basin,2020,fin clips
alignWWH3_PL11,3103-555,LWHC,LWHC,WWH_LWHC,Lahontan Cutthroat Trout,LCT,WWH,Little Whitehorse Creek,2020,fin clips
alignWWH3_PL11,3103-556,LWHC,LWHC,WWH_LWHC,Lahontan Cutthroat Trout,LCT,WWH,Little Whitehorse Creek,2020,fin clips
alignWWH3_PL11,3103-557,LWHC,LWHC,WWH_LWHC,Lahontan Cutthroat Trout,LCT,WWH,Little Whitehorse Creek,2020,fin clips
alignWWH3_PL11,3103-558,LWHC,LWHC,WWH_LWHC,Lahontan Cutthroat Trout,LCT,WWH,Little Whitehorse Creek,2020,fin clips
alignWWH3_PL11,3103-559,LWHC,LWHC,WWH_LWHC,Lahontan Cutthroat Trout,LCT,WWH,Little Whitehorse Creek,2020,fin clips
alignWWH3_PL11,3103-560,LWHC,LWHC,WWH_LWHC,Lahontan Cutthroat Trout,LCT,WWH,Little Whitehorse Creek,2020,fin clips
alignWWH3_PL11,3103-561,LWHC,LWHC,WWH_LWHC,Lahontan Cutthroat Trout,LCT,WWH,Little Whitehorse Creek,2020,fin clips
alignWWH3_PL11,3103-562,LWHC,LWHC,WWH_LWHC,Lahontan Cutthroat Trout,LCT,WWH,Little Whitehorse Creek,2020,fin clips
alignWWH3_PL11,3103-563,LWHC,LWHC,WWH_LWHC,Lahontan Cutthroat Trout,LCT,WWH,Little Whitehorse Creek,2020,fin clips
alignWWH3_PL11,3103-565,LWHC,LWHC,WWH_LWHC,Lahontan Cutthroat Trout,LCT,WWH,Little Whitehorse Creek,2020,fin clips
alignWWH3_PL11,3103-566,LWHC,LWHC,WWH_LWHC,Lahontan Cutthroat Trout,LCT,WWH,Little Whitehorse Creek,2020,fin clips
alignWWH3_PL11,3103-567,LWHC,LWHC,WWH_LWHC,Lahontan Cutthroat Trout,LCT,WWH,Little Whitehorse Creek,2020,fin clips
alignWWH3_PL11,3103-568,LWHC,LWHC,WWH_LWHC,Lahontan Cutthroat Trout,LCT,WWH,Little Whitehorse Creek,2020,fin clips
alignWWH3_PL11,3103-569,LWHC,LWHC,WWH_LWHC,Lahontan Cutthroat Trout,LCT,WWH,Little Whitehorse Creek,2020,fin clips
alignWWH3_PL11,3103-570,LWHC,LWHC,WWH_LWHC,Lahontan Cutthroat Trout,LCT,WWH,Little Whitehorse Creek,2020,fin clips
alignWWH3_PL11,3103-571,LWHC,LWHC,WWH_LWHC,Lahontan Cutthroat Trout,LCT,WWH,Little Whitehorse Creek,2020,fin clips
alignWWH3_PL11,3103-573,LWHC,LWHC,WWH_LWHC,Lahontan Cutthroat Trout,LCT,WWH,Little Whitehorse Creek,2020,fin clips
alignWWH3_PL11,3103-574,LWHC,LWHC,WWH_LWHC,Lahontan Cutthroat Trout,LCT,WWH,Little Whitehorse Creek,2020,fin clips
alignWWH3_PL11,3103-575,LWHC,LWHC,WWH_LWHC,Lahontan Cutthroat Trout,LCT,WWH,Little Whitehorse Creek,2020,fin clips
alignWWH3_PL11,3103-576,LWHC,LWHC,WWH_LWHC,Lahontan Cutthroat Trout,LCT,WWH,Little Whitehorse Creek,2020,fin clips
alignWWH3_PL11,3103-625,WC,WC,WWH_WC,Lahontan Cutthroat Trout,LCT,WWH,Willow Creek,2020,fin clips
alignWWH3_PL11,3103-626,WC,WC,WWH_WC,Lahontan Cutthroat Trout,LCT,WWH,Willow Creek,2020,fin clips
alignWWH3_PL11,3103-627,WC,WC,WWH_WC,Lahontan Cutthroat Trout,LCT,WWH,Willow Creek,2020,fin clips
alignWWH3_PL11,3103-628,WC,WC,WWH_WC,Lahontan Cutthroat Trout,LCT,WWH,Willow Creek,2020,fin clips
alignWWH3_PL11,3103-629,WC,WC,WWH_WC,Lahontan Cutthroat Trout,LCT,WWH,Willow Creek,2020,fin clips
alignWWH3_PL11,3103-630,WC,WC,WWH_WC,Lahontan Cutthroat Trout,LCT,WWH,Willow Creek,2020,fin clips
alignWWH3_PL11,3103-631,WC,WC,WWH_WC,Lahontan Cutthroat Trout,LCT,WWH,Willow Creek,2020,fin clips
alignWWH3_PL11,3103-633,WC,WC,WWH_WC,Lahontan Cutthroat Trout,LCT,WWH,Willow Creek,2020,fin clips
alignWWH3_PL11,3103-634,WC,WC,WWH_WC,Lahontan Cutthroat Trout,LCT,WWH,Willow Creek,2020,fin clips
alignWWH3_PL11,3103-635,WC,WC,WWH_WC,Lahontan Cutthroat Trout,LCT,WWH,Willow Creek,2020,fin clips
alignWWH3_PL11,3103-636,WC,WC,WWH_WC,Lahontan Cutthroat Trout,LCT,WWH,Willow Creek,2020,fin clips
alignWWH3_PL11,3103-637,WC,WC,WWH_WC,Lahontan Cutthroat Trout,LCT,WWH,Willow Creek,2020,fin clips
alignWWH3_PL11,3103-638,WC,WC,WWH_WC,Lahontan Cutthroat Trout,LCT,WWH,Willow Creek,2020,fin clips
alignWWH3_PL11,3103-639,WC,WC,WWH_WC,Lahontan Cutthroat Trout,LCT,WWH,Willow Creek,2020,fin clips
alignWWH3_PL11,3103-641,WC,WC,WWH_WC,Lahontan Cutthroat Trout,LCT,WWH,Willow Creek,2020,fin clips
alignWWH3_PL11,3103-642,WC,WC,WWH_WC,Lahontan Cutthroat Trout,LCT,WWH,Willow Creek,2020,fin clips
alignWWH3_PL11,3103-643,WC,WC,WWH_WC,Lahontan Cutthroat Trout,LCT,WWH,Willow Creek,2020,fin clips
alignWWH3_PL11,3103-644,WC,WC,WWH_WC,Lahontan Cutthroat Trout,LCT,WWH,Willow Creek,2020,fin clips
alignWWH3_PL11,3103-645,WC,WC,WWH_WC,Lahontan Cutthroat Trout,LCT,WWH,Willow Creek,2020,fin clips
alignWWH3_PL11,3103-646,WC,WC,WWH_WC,Lahontan Cutthroat Trout,LCT,WWH,Willow Creek,2020,fin clips
alignWWH3_PL11,3103-647,WC,WC,WWH_WC,Lahontan Cutthroat Trout,LCT,WWH,Willow Creek,2020,fin clips
alignWWH3_PL11,3103-649,WC,WC,WWH_WC,Lahontan Cutthroat Trout,LCT,WWH,Willow Creek,2020,fin clips
alignWWH3_PL11,3103-650,WC,WC,WWH_WC,Lahontan Cutthroat Trout,LCT,WWH,Willow Creek,2020,fin clips
alignWWH3_PL11,3103-651,WC,WC,WWH_WC,Lahontan Cutthroat Trout,LCT,WWH,Willow Creek,2020,fin clips
alignWWH3_PL11,3103-652,WC,WC,WWH_WC,Lahontan Cutthroat Trout,LCT,WWH,Willow Creek,2020,fin clips
alignWWH3_PL11,3103-653,WC,WC,WWH_WC,Lahontan Cutthroat Trout,LCT,WWH,Willow Creek,2020,fin clips
alignWWH3_PL11,3103-654,WC,WC,WWH_WC,Lahontan Cutthroat Trout,LCT,WWH,Willow Creek,2020,fin clips
alignWWH3_PL11,3103-657,WC,WC,WWH_WC,Lahontan Cutthroat Trout,LCT,WWH,Willow Creek,2020,fin clips
alignWWH3_PL11,3103-658,WC,WC,WWH_WC,Lahontan Cutthroat Trout,LCT,WWH,Willow Creek,2020,fin clips
alignWWH3_PL11,3103-659,WC,WC,WWH_WC,Lahontan Cutthroat Trout,LCT,WWH,Willow Creek,2020,fin clips
alignWWH3_PL11,3103-660,WC,WC,WWH_WC,Lahontan Cutthroat Trout,LCT,WWH,Willow Creek,2020,fin clips
alignWWH3_PL11,3103-661,WC,WC,WWH_WC,Lahontan Cutthroat Trout,LCT,WWH,Willow Creek,2020,fin clips
alignWWH3_PL11,3103-662,WC,WC,WWH_WC,Lahontan Cutthroat Trout,LCT,WWH,Willow Creek,2020,fin clips
alignWWH3_PL11,3103-665,WC,WC,WWH_WC,Lahontan Cutthroat Trout,LCT,WWH,Willow Creek,2020,fin clips
alignWWH3_PL11,3103-666,WC,WC,WWH_WC,Lahontan Cutthroat Trout,LCT,WWH,Willow Creek,2020,fin clips
alignWWH3_PL11,3103-667,WC,WC,WWH_WC,Lahontan Cutthroat Trout,LCT,WWH,Willow Creek,2020,fin clips
alignWWH3_PL11,3103-668,WC,WC,WWH_WC,Lahontan Cutthroat Trout,LCT,WWH,Willow Creek,2020,fin clips
alignWWH3_PL11,3103-669,WC,WC,WWH_WC,Lahontan Cutthroat Trout,LCT,WWH,Willow Creek,2020,fin clips
alignWWH3_PL11,3103-670,WC,WC,WWH_WC,Lahontan Cutthroat Trout,LCT,WWH,Willow Creek,2020,fin clips
alignWWH3_PL11,3103-690,WC,WC,WWH_WC,Lahontan Cutthroat Trout,LCT,WWH,Willow Creek,2020,fin clips
alignWWH3_PL11,3103-691,WC,WC,WWH_WC,Lahontan Cutthroat Trout,LCT,WWH,Willow Creek,2020,fin clips
alignWWH3_PL11,3103-692,WC,WC,WWH_WC,Lahontan Cutthroat Trout,LCT,WWH,Willow Creek,2020,fin clips
alignWWH3_PL11,3103-693,WC,WC,WWH_WC,Lahontan Cutthroat Trout,LCT,WWH,Willow Creek,2020,fin clips
alignWWH3_PL11,3103-694,WC,WC,WWH_WC,Lahontan Cutthroat Trout,LCT,WWH,Willow Creek,2020,fin clips
alignWWH3_PL11,3103-697,WC,WC,WWH_WC,Lahontan Cutthroat Trout,LCT,WWH,Willow Creek,2020,fin clips
alignWWH3_PL11,3103-698,WC,WC,WWH_WC,Lahontan Cutthroat Trout,LCT,WWH,Willow Creek,2020,fin clips
alignWWH3_PL11,3103-699,WC,WC,WWH_WC,Lahontan Cutthroat Trout,LCT,WWH,Willow Creek,2020,fin clips
alignWWH3_PL11,3103-700,WC,WC,WWH_WC,Lahontan Cutthroat Trout,LCT,WWH,Willow Creek,2020,fin clips
alignWWH3_PL11,3103-701,WC,WC,WWH_WC,Lahontan Cutthroat Trout,LCT,WWH,Willow Creek,2020,fin clips
alignWWH3_PL11,3103-702,WC,WC,WWH_WC,Lahontan Cutthroat Trout,LCT,WWH,Willow Creek,2020,fin clips
alignWWH4_PL12,3103-769,LWHC,LWHC,LWHC_LWHC,Lahontan Cutthroat Trout,LCT,WWH,Little Whitehorse Creek,2020,fin clips
alignWWH4_PL12,3103-770,LWHC,LWHC,LWHC_LWHC,Lahontan Cutthroat Trout,LCT,WWH,Little Whitehorse Creek,2020,fin clips
alignWWH4_PL12,3103-771,LWHC,LWHC,LWHC_LWHC,Lahontan Cutthroat Trout,LCT,WWH,Little Whitehorse Creek,2020,fin clips
alignWWH4_PL12,3103-772,LWHC,LWHC,LWHC_LWHC,Lahontan Cutthroat Trout,LCT,WWH,Little Whitehorse Creek,2020,fin clips
alignWWH4_PL12,3103-773,LWHC,LWHC,LWHC_LWHC,Lahontan Cutthroat Trout,LCT,WWH,Little Whitehorse Creek,2020,fin clips
alignWWH4_PL12,3103-774,LWHC,LWHC,LWHC_LWHC,Lahontan Cutthroat Trout,LCT,WWH,Little Whitehorse Creek,2020,fin clips
alignWWH4_PL12,3103-775,LWHC,LWHC,LWHC_LWHC,Lahontan Cutthroat Trout,LCT,WWH,Little Whitehorse Creek,2020,fin clips
alignWWH4_PL12,3103-776,LWHC,LWHC,LWHC_LWHC,Lahontan Cutthroat Trout,LCT,WWH,Little Whitehorse Creek,2020,fin clips
alignWWH4_PL12,3103-777,LWHC,LWHC,LWHC_LWHC,Lahontan Cutthroat Trout,LCT,WWH,Little Whitehorse Creek,2020,fin clips
alignWWH4_PL12,3103-778,LWHC,LWHC,LWHC_LWHC,Lahontan Cutthroat Trout,LCT,WWH,Little Whitehorse Creek,2020,fin clips
alignWWH4_PL12,3103-779,LWHC,LWHC,LWHC_LWHC,Lahontan Cutthroat Trout,LCT,WWH,Little Whitehorse Creek,2020,fin clips
alignWWH4_PL12,3103-780,LWHC,LWHC,LWHC_LWHC,Lahontan Cutthroat Trout,LCT,WWH,Little Whitehorse Creek,2020,fin clips
alignWWH4_PL12,3103-781,LWHC,LWHC,LWHC_LWHC,Lahontan Cutthroat Trout,LCT,WWH,Little Whitehorse Creek,2020,fin clips
alignWWH4_PL12,3103-782,LWHC,LWHC,LWHC_LWHC,Lahontan Cutthroat Trout,LCT,WWH,Little Whitehorse Creek,2020,fin clips
alignWWH4_PL12,3103-783,LWHC,LWHC,LWHC_LWHC,Lahontan Cutthroat Trout,LCT,WWH,Little Whitehorse Creek,2020,fin clips
alignWWH4_PL12,3103-784,LWHC,LWHC,LWHC_LWHC,Lahontan Cutthroat Trout,LCT,WWH,Little Whitehorse Creek,2020,fin clips
alignWWH4_PL12,3103-785,LWHC,LWHC,LWHC_LWHC,Lahontan Cutthroat Trout,LCT,WWH,Little Whitehorse Creek,2020,fin clips
alignWWH4_PL12,3103-787,LWHC,LWHC,LWHC_LWHC,Lahontan Cutthroat Trout,LCT,WWH,Little Whitehorse Creek,2020,fin clips
alignWWH4_PL12,3103-788,LWHC,LWHC,LWHC_LWHC,Lahontan Cutthroat Trout,LCT,WWH,Little Whitehorse Creek,2020,fin clips
alignWWH4_PL12,3103-789,LWHC,LWHC,LWHC_LWHC,Lahontan Cutthroat Trout,LCT,WWH,Little Whitehorse Creek,2020,fin clips
alignWWH4_PL12,3103-790,LWHC,LWHC,LWHC_LWHC,Lahontan Cutthroat Trout,LCT,WWH,Little Whitehorse Creek,2020,fin clips
alignWWH4_PL12,3103-791,WHC,WHC,WHC_WHC,Lahontan Cutthroat Trout,LCT,WWH,Whitehorse Creek,2020,fin clips
alignWWH4_PL12,3103-792,WHC,WHC,WHC_WHC,Lahontan Cutthroat Trout,LCT,WWH,Whitehorse Creek,2020,fin clips
alignWWH4_PL12,3103-793,WHC,WHC,WHC_WHC,Lahontan Cutthroat Trout,LCT,WWH,Whitehorse Creek,2020,fin clips
alignWWH4_PL12,3103-794,WHC,WHC,WHC_WHC,Lahontan Cutthroat Trout,LCT,WWH,Whitehorse Creek,2020,fin clips
alignWWH4_PL12,3103-795,WHC,WHC,WHC_WHC,Lahontan Cutthroat Trout,LCT,WWH,Whitehorse Creek,2020,fin clips
alignWWH4_PL12,3103-796,WHC,WHC,WHC_WHC,Lahontan Cutthroat Trout,LCT,WWH,Whitehorse Creek,2020,fin clips
alignWWH4_PL12,3103-797,WHC,WHC,WHC_WHC,Lahontan Cutthroat Trout,LCT,WWH,Whitehorse Creek,2020,fin clips
alignWWH4_PL12,3103-798,WHC,WHC,WHC_WHC,Lahontan Cutthroat Trout,LCT,WWH,Whitehorse Creek,2020,fin clips
alignWWH4_PL12,3103-799,WHC,WHC,WHC_WHC,Lahontan Cutthroat Trout,LCT,WWH,Whitehorse Creek,2020,fin clips
alignWWH4_PL12,3103-800,WHC,WHC,WHC_WHC,Lahontan Cutthroat Trout,LCT,WWH,Whitehorse Creek,2020,fin clips
alignWWH4_PL12,3103-801,WHC,WHC,WHC_WHC,Lahontan Cutthroat Trout,LCT,WWH,Whitehorse Creek,2020,fin clips
alignWWH4_PL12,3103-802,WHC,WHC,WHC_WHC,Lahontan Cutthroat Trout,LCT,WWH,Whitehorse Creek,2020,fin clips
alignWWH4_PL12,3103-804,WHC,WHC,WHC_WHC,Lahontan Cutthroat Trout,LCT,WWH,Whitehorse Creek,2020,fin clips
alignWWH4_PL12,3103-805,WHC,WHC,WHC_WHC,Lahontan Cutthroat Trout,LCT,WWH,Whitehorse Creek,2020,fin clips
alignWWH4_PL12,3103-806,WHC,WHC,WHC_WHC,Lahontan Cutthroat Trout,LCT,WWH,Whitehorse Creek,2020,fin clips
alignWWH4_PL12,3103-807,WHC,WHC,WHC_WHC,Lahontan Cutthroat Trout,LCT,WWH,Whitehorse Creek,2020,fin clips
alignWWH4_PL12,3103-808,WHC,WHC,WHC_WHC,Lahontan Cutthroat Trout,LCT,WWH,Whitehorse Creek,2020,fin clips
alignWWH4_PL12,3103-809,WHC,WHC,WHC_WHC,Lahontan Cutthroat Trout,LCT,WWH,Whitehorse Creek,2020,fin clips
alignWWH4_PL12,3103-812,WHC,WHC,WHC_WHC,Lahontan Cutthroat Trout,LCT,WWH,Whitehorse Creek,2020,fin clips
alignWWH4_PL12,3103-813,WHC,WHC,WHC_WHC,Lahontan Cutthroat Trout,LCT,WWH,Whitehorse Creek,2020,fin clips
alignWWH4_PL12,3103-814,WHC,WHC,WHC_WHC,Lahontan Cutthroat Trout,LCT,WWH,Whitehorse Creek,2020,fin clips
alignWWH4_PL12,3103-815,WHC,WHC,WHC_WHC,Lahontan Cutthroat Trout,LCT,WWH,Whitehorse Creek,2020,fin clips
alignWWH4_PL12,3103-816,WHC,WHC,WHC_WHC,Lahontan Cutthroat Trout,LCT,WWH,Whitehorse Creek,2020,fin clips
alignWWH4_PL12,3103-817,WHC,WHC,WHC_WHC,Lahontan Cutthroat Trout,LCT,WWH,Whitehorse Creek,2020,fin clips
alignWWH4_PL12,3103-818,WHC,WHC,WHC_WHC,Lahontan Cutthroat Trout,LCT,WWH,Whitehorse Creek,2020,fin clips
alignWWH4_PL12,3103-819,WHC,WHC,WHC_WHC,Lahontan Cutthroat Trout,LCT,WWH,Whitehorse Creek,2020,fin clips
alignWWH4_PL12,3103-820,WHC,WHC,WHC_WHC,Lahontan Cutthroat Trout,LCT,WWH,Whitehorse Creek,2020,fin clips
alignWWH4_PL12,3103-821,WHC,WHC,WHC_WHC,Lahontan Cutthroat Trout,LCT,WWH,Whitehorse Creek,2020,fin clips
alignWWH4_PL12,3103-822,WHC,WHC,WHC_WHC,Lahontan Cutthroat Trout,LCT,WWH,Whitehorse Creek,2020,fin clips
alignWWH4_PL12,3103-823,WHC,WHC,WHC_WHC,Lahontan Cutthroat Trout,LCT,WWH,Whitehorse Creek,2020,fin clips
alignWWH4_PL12,3103-824,WHC,WHC,WHC_WHC,Lahontan Cutthroat Trout,LCT,WWH,Whitehorse Creek,2020,fin clips
alignWWH4_PL12,3103-825,WHC,WHC,WHC_WHC,Lahontan Cutthroat Trout,LCT,WWH,Whitehorse Creek,2020,fin clips
alignWWH4_PL12,3103-826,WHC,WHC,WHC_WHC,Lahontan Cutthroat,LCT,WWH,Whitehorse Creek,2020,fin clips
alignWWH4_PL12,3103-827,WHC,WHC,WHC_WHC,Lahontan Cutthroat,LCT,WWH,Whitehorse Creek,2020,fin clips
alignWWH4_PL12,3103-828,WHC,WHC,WHC_WHC,Lahontan Cutthroat,LCT,WWH,Whitehorse Creek,2020,fin clips
alignWWH4_PL12,3103-829,WHC,WHC,WHC_WHC,Lahontan Cutthroat,LCT,WWH,Whitehorse Creek,2020,fin clips
alignWWH4_PL12,3103-830,WHC,WHC,WHC_WHC,Lahontan Cutthroat,LCT,WWH,Whitehorse Creek,2020,fin clips
alignWWH4_PL12,3103-831,WHC,WHC,WHC_WHC,Lahontan Cutthroat,LCT,WWH,Whitehorse Creek,2020,fin clips
alignWWH4_PL12,3103-832,WHC,WHC,WHC_WHC,Lahontan Cutthroat,LCT,WWH,Whitehorse Creek,2020,fin clips
alignWWH4_PL12,3103-833,WHC,WHC,WHC_WHC,Lahontan Cutthroat,LCT,WWH,Whitehorse Creek,2020,fin clips
alignWWH4_PL12,3103-834,WHC,WHC,WHC_WHC,Lahontan Cutthroat,LCT,WWH,Whitehorse Creek,2020,fin clips
alignWWH4_PL12,3103-835,WHC,WHC,WHC_WHC,Lahontan Cutthroat,LCT,WWH,Whitehorse Creek,2020,fin clips
alignWWH4_PL12,3103-836,WHC,WHC,WHC_WHC,Lahontan Cutthroat,LCT,WWH,Whitehorse Creek,2020,fin clips
alignWWH4_PL12,3103-837,WHC,WHC,WHC_WHC,Lahontan Cutthroat,LCT,WWH,Whitehorse Creek,2020,fin clips
alignWWH4_PL12,3103-838,WHC,WHC,WHC_WHC,Lahontan Cutthroat,LCT,WWH,Whitehorse Creek,2020,fin clips
alignWWH4_PL12,3103-839,WHC,WHC,WHC_WHC,Lahontan Cutthroat,LCT,WWH,Whitehorse Creek,2020,fin clips
alignWWH4_PL12,3103-840,LWHC,LWHC,LWHC_LWHC,Lahontan Cutthroat,LCT,WWH,Little Whitehorse Creek,2020,fin clips
alignWWH4_PL12,3103-841,LWHC,LWHC,LWHC_LWHC,Lahontan Cutthroat,LCT,WWH,Little Whitehorse Creek,2020,fin clips
alignWWH4_PL12,3103-842,LWHC,LWHC,LWHC_LWHC,Lahontan Cutthroat,LCT,WWH,Little Whitehorse Creek,2020,fin clips
alignWWH4_PL12,3103-843,LWHC,LWHC,LWHC_LWHC,Lahontan Cutthroat,LCT,WWH,Little Whitehorse Creek,2020,fin clips
alignWWH4_PL12,3103-844,LWHC,LWHC,LWHC_LWHC,Lahontan Cutthroat,LCT,WWH,Little Whitehorse Creek,2020,fin clips
alignWWH4_PL12,3103-845,LWHC,LWHC,LWHC_LWHC,Lahontan Cutthroat,LCT,WWH,Little Whitehorse Creek,2020,fin clips
alignWWH4_PL12,3103-846,LWHC,LWHC,LWHC_LWHC,Lahontan Cutthroat,LCT,WWH,Little Whitehorse Creek,2020,fin clips
alignWWH4_PL12,3103-847,LWHC,LWHC,LWHC_LWHC,Lahontan Cutthroat,LCT,WWH,Little Whitehorse Creek,2020,fin clips
alignWWH4_PL12,3103-848,LWHC,LWHC,LWHC_LWHC,Lahontan Cutthroat,LCT,WWH,Little Whitehorse Creek,2020,fin clips
alignWWH4_PL12,3103-849,LWHC,LWHC,LWHC_LWHC,Lahontan Cutthroat,LCT,WWH,Little Whitehorse Creek,2020,fin clips
alignWWH4_PL12,3103-850,LWHC,LWHC,LWHC_LWHC,Lahontan Cutthroat,LCT,WWH,Little Whitehorse Creek,2020,fin clips
alignWWH4_PL12,3103-851,LWHC,LWHC,LWHC_LWHC,Lahontan Cutthroat,LCT,WWH,Little Whitehorse Creek,2020,fin clips
alignWWH4_PL12,3103-852,LWHC,LWHC,LWHC_LWHC,Lahontan Cutthroat,LCT,WWH,Little Whitehorse Creek,2020,fin clips
alignWWH4_PL12,3103-853,LWHC,LWHC,LWHC_LWHC,Lahontan Cutthroat,LCT,WWH,Little Whitehorse Creek,2020,fin clips
alignWWH4_PL12,3103-854,LWHC,LWHC,LWHC_LWHC,Lahontan Cutthroat,LCT,WWH,Little Whitehorse Creek,2020,fin clips
alignWWH4_PL12,3103-855,LWHC,LWHC,LWHC_LWHC,Lahontan Cutthroat,LCT,WWH,Little Whitehorse Creek,2020,fin clips
alignWWH4_PL12,3103-856,LWHC,LWHC,LWHC_LWHC,Lahontan Cutthroat,LCT,WWH,Little Whitehorse Creek,2020,fin clips
alignWWH4_PL12,3103-857,LWHC,LWHC,LWHC_LWHC,Lahontan Cutthroat,LCT,WWH,Little Whitehorse Creek,2020,fin clips
alignWWH4_PL12,3103-858,LWHC,LWHC,LWHC_LWHC,Lahontan Cutthroat,LCT,WWH,Little Whitehorse Creek,2020,fin clips
alignWWH4_PL12,3103-859,LWHC,LWHC,LWHC_LWHC,Lahontan Cutthroat,LCT,WWH,Little Whitehorse Creek,2020,fin clips
alignWWH4_PL12,3103-860,LWHC,LWHC,LWHC_LWHC,Lahontan Cutthroat,LCT,WWH,Little Whitehorse Creek,2020,fin clips
alignWWH4_PL12,3103-861,LWHC,LWHC,LWHC_LWHC,Lahontan Cutthroat,LCT,WWH,Little Whitehorse Creek,2020,fin clips
alignWWH4_PL12,3103-862,LWHC,LWHC,LWHC_LWHC,Lahontan Cutthroat,LCT,WWH,Little Whitehorse Creek,2020,fin clips
alignWWH4_PL12,3103-863,LWHC,LWHC,LWHC_LWHC,Lahontan Cutthroat,LCT,WWH,Little Whitehorse Creek,2020,fin clips
alignWWH4_PL12,3103-865,CC,CC,CC_CC,Lahontan Cutthroat,LCT,WWH,Cottonwood Creek,2020,fin clips
alignWWH4_PL12,3103-866,CC,CC,CC_CC,Lahontan Cutthroat,LCT,WWH,Cottonwood Creek,2020,fin clips
alignWWH4_PL12,3103-867,CC,CC,CC_CC,Lahontan Cutthroat,LCT,WWH,Cottonwood Creek,2020,fin clips
alignWWH4_PL12,3103-868,CC,CC,CC_CC,Lahontan Cutthroat,LCT,WWH,Cottonwood Creek,2020,fin clips
alignWWH4_PL12,3103-869,CC,CC,CC_CC,Lahontan Cutthroat,LCT,WWH,Cottonwood Creek,2020,fin clips
alignWWH5_PL13,3103-705,WC,WC,WHH_WC,Lahontan Cutthroat,LCT,WWH,Willow Creek,2020,fin clips
alignWWH5_PL13,3103-706,WC,WC,WHH_WC,Lahontan Cutthroat,LCT,WWH,Willow Creek,2020,fin clips
alignWWH5_PL13,3103-707,WC,WC,WHH_WC,Lahontan Cutthroat,LCT,WWH,Willow Creek,2020,fin clips
alignWWH5_PL13,3103-708,WC,WC,WHH_WC,Lahontan Cutthroat,LCT,WWH,Willow Creek,2020,fin clips
alignWWH5_PL13,3103-709,WC,WC,WHH_WC,Lahontan Cutthroat,LCT,WWH,Willow Creek,2020,fin clips
alignWWH5_PL13,3103-710,WC,WC,WHH_WC,Lahontan Cutthroat,LCT,WWH,Willow Creek,2020,fin clips
alignWWH5_PL13,3103-713,WC,WC,WHH_WC,Lahontan Cutthroat,LCT,WWH,Willow Creek,2020,fin clips
alignWWH5_PL13,3103-714,WC,WC,WHH_WC,Lahontan Cutthroat,LCT,WWH,Willow Creek,2020,fin clips
alignWWH5_PL13,3103-715,WC,WC,WHH_WC,Lahontan Cutthroat,LCT,WWH,Willow Creek,2020,fin clips
alignWWH5_PL13,3103-716,WC,WC,WHH_WC,Lahontan Cutthroat,LCT,WWH,Willow Creek,2020,fin clips
alignWWH5_PL13,3103-717,WC,WC,WHH_WC,Lahontan Cutthroat,LCT,WWH,Willow Creek,2020,fin clips
alignWWH5_PL13,3103-718,WC,WC,WHH_WC,Lahontan Cutthroat,LCT,WWH,Willow Creek,2020,fin clips
alignWWH5_PL13,3103-721,WC,WC,WHH_WC,Lahontan Cutthroat,LCT,WWH,Willow Creek,2020,fin clips
alignWWH5_PL13,3103-722,WC,WC,WHH_WC,Lahontan Cutthroat,LCT,WWH,Willow Creek,2020,fin clips
alignWWH5_PL13,3103-723,WC,WC,WHH_WC,Lahontan Cutthroat,LCT,WWH,Willow Creek,2020,fin clips
alignWWH5_PL13,3103-724,WC,WC,WHH_WC,Lahontan Cutthroat,LCT,WWH,Willow Creek,2020,fin clips
alignWWH5_PL13,3103-725,WC,WC,WHH_WC,Lahontan Cutthroat,LCT,WWH,Willow Creek,2020,fin clips
alignWWH5_PL13,3103-726,WC,WC,WHH_WC,Lahontan Cutthroat,LCT,WWH,Willow Creek,2020,fin clips
alignWWH5_PL13,3103-727,WC,WC,WHH_WC,Lahontan Cutthroat,LCT,WWH,Willow Creek,2020,fin clips
alignWWH5_PL13,3103-728,WC,WC,WHH_WC,Lahontan Cutthroat,LCT,WWH,Willow Creek,2020,fin clips
alignWWH5_PL13,3103-729,WC,WC,WHH_WC,Lahontan Cutthroat,LCT,WWH,Willow Creek,2020,fin clips
alignWWH5_PL13,3103-730,WC,WC,WHH_WC,Lahontan Cutthroat,LCT,WWH,Willow Creek,2020,fin clips
alignWWH5_PL13,3103-731,WC,WC,WHH_WC,Lahontan Cutthroat,LCT,WWH,Willow Creek,2020,fin clips
alignWWH5_PL13,3103-732,WC,WC,WHH_WC,Lahontan Cutthroat,LCT,WWH,Willow Creek,2020,fin clips
alignWWH5_PL13,3103-733,WC,WC,WHH_WC,Lahontan Cutthroat,LCT,WWH,Willow Creek,2020,fin clips
alignWWH5_PL13,3103-734,WC,WC,WHH_WC,Lahontan Cutthroat,LCT,WWH,Willow Creek,2020,fin clips
alignWWH5_PL13,3103-735,WC,WC,WHH_WC,Lahontan Cutthroat,LCT,WWH,Willow Creek,2020,fin clips
alignWWH5_PL13,3103-736,WC,WC,WHH_WC,Lahontan Cutthroat,LCT,WWH,Willow Creek,2020,fin clips
alignWWH5_PL13,3103-737,WC,WC,WHH_WC,Lahontan Cutthroat,LCT,WWH,Willow Creek,2020,fin clips
alignWWH5_PL13,3103-738,WC,WC,WHH_WC,Lahontan Cutthroat,LCT,WWH,Willow Creek,2020,fin clips
alignWWH5_PL13,3103-739,WC,WC,WHH_WC,Lahontan Cutthroat,LCT,WWH,Willow Creek,2020,fin clips
alignWWH5_PL13,3103-740,WC,WC,WHH_WC,Lahontan Cutthroat,LCT,WWH,Willow Creek,2020,fin clips
alignWWH5_PL13,3103-741,WC,WC,WHH_WC,Lahontan Cutthroat,LCT,WWH,Willow Creek,2020,fin clips
alignWWH5_PL13,3103-742,WC,WC,WHH_WC,Lahontan Cutthroat,LCT,WWH,Willow Creek,2020,fin clips
alignWWH5_PL13,3103-743,WC,WC,WHH_WC,Lahontan Cutthroat,LCT,WWH,Willow Creek,2020,fin clips
alignWWH5_PL13,3103-744,WC,WC,WHH_WC,Lahontan Cutthroat,LCT,WWH,Willow Creek,2020,fin clips
alignWWH5_PL13,3103-745,WC,WC,WHH_WC,Lahontan Cutthroat,LCT,WWH,Willow Creek,2020,fin clips
alignWWH5_PL13,3103-746,WC,WC,WHH_WC,Lahontan Cutthroat,LCT,WWH,Willow Creek,2020,fin clips
alignWWH5_PL13,3103-747,WC,WC,WHH_WC,Lahontan Cutthroat,LCT,WWH,Willow Creek,2020,fin clips
alignWWH5_PL13,3103-748,WC,WC,WHH_WC,Lahontan Cutthroat,LCT,WWH,Willow Creek,2020,fin clips
alignWWH5_PL13,3103-749,WC,WC,WHH_WC,Lahontan Cutthroat,LCT,WWH,Willow Creek,2020,fin clips
alignWWH5_PL13,3103-750,WC,WC,WHH_WC,Lahontan Cutthroat,LCT,WWH,Willow Creek,2020,fin clips
alignWWH5_PL13,3103-751,WC,WC,WHH_WC,Lahontan Cutthroat,LCT,WWH,Willow Creek,2020,fin clips
alignWWH5_PL13,3103-752,WC,WC,WHH_WC,Lahontan Cutthroat,LCT,WWH,Willow Creek,2020,fin clips
alignWWH5_PL13,3103-753,WC,WC,WHH_WC,Lahontan Cutthroat,LCT,WWH,Willow Creek,2020,fin clips
alignWWH5_PL13,3103-754,WC,WC,WHH_WC,Lahontan Cutthroat,LCT,WWH,Willow Creek,2020,fin clips
alignWWH5_PL13,3103-755,WC,WC,WHH_WC,Lahontan Cutthroat,LCT,WWH,Willow Creek,2020,fin clips
alignWWH5_PL13,3103-756,WC,WC,WHH_WC,Lahontan Cutthroat,LCT,WWH,Willow Creek,2020,fin clips
alignWWH5_PL13,3103-757,WC,WC,WHH_WC,Lahontan Cutthroat,LCT,WWH,Willow Creek,2020,fin clips
alignWWH5_PL13,3103-913,WHC,WHC,WHC_WHC,Lahontan Cutthroat,LCT,WWH,Whitehorse Creek,2020,fin clips
alignWWH5_PL13,3103-914,WHC,WHC,WHC_WHC,Lahontan Cutthroat,LCT,WWH,Whitehorse Creek,2020,fin clips
alignWWH5_PL13,3103-915,WHC,WHC,WHC_WHC,Lahontan Cutthroat,LCT,WWH,Whitehorse Creek,2020,fin clips
alignWWH5_PL13,3103-916,WHC,WHC,WHC_WHC,Lahontan Cutthroat,LCT,WWH,Whitehorse Creek,2020,fin clips
alignWWH5_PL13,3103-917,WHC,WHC,WHC_WHC,Lahontan Cutthroat,LCT,WWH,Whitehorse Creek,2020,fin clips
alignWWH5_PL13,3103-918,WHC,WHC,WHC_WHC,Lahontan Cutthroat,LCT,WWH,Whitehorse Creek,2020,fin clips
alignWWH5_PL13,3103-919,WHC,WHC,WHC_WHC,Lahontan Cutthroat,LCT,WWH,Whitehorse Creek,2020,fin clips
alignWWH5_PL13,3103-920,WHC,WHC,WHC_WHC,Lahontan Cutthroat,LCT,WWH,Whitehorse Creek,2020,fin clips
alignWWH5_PL13,3103-921,WHC,WHC,WHC_WHC,Lahontan Cutthroat,LCT,WWH,Whitehorse Creek,2020,fin clips
alignWWH5_PL13,3103-922,WHC,WHC,WHC_WHC,Lahontan Cutthroat,LCT,WWH,Whitehorse Creek,2020,fin clips
alignWWH5_PL13,3103-923,WHC,WHC,WHC_WHC,Lahontan Cutthroat,LCT,WWH,Whitehorse Creek,2020,fin clips
alignWWH5_PL13,3103-924,WHC,WHC,WHC_WHC,Lahontan Cutthroat,LCT,WWH,Whitehorse Creek,2020,fin clips
alignWWH5_PL13,3103-925,WHC,WHC,WHC_WHC,Lahontan Cutthroat,LCT,WWH,Whitehorse Creek,2020,fin clips
alignWWH5_PL13,3103-926,WHC,WHC,WHC_WHC,Lahontan Cutthroat,LCT,WWH,Whitehorse Creek,2020,fin clips
alignWWH5_PL13,3103-927,WHC,WHC,WHC_WHC,Lahontan Cutthroat,LCT,WWH,Whitehorse Creek,2020,fin clips
alignWWH5_PL13,3103-929,WHC,WHC,WHC_WHC,Lahontan Cutthroat,LCT,WWH,Whitehorse Creek,2020,fin clips
alignWWH5_PL13,3103-930,WHC,WHC,WHC_WHC,Lahontan Cutthroat,LCT,WWH,Whitehorse Creek,2020,fin clips
alignWWH5_PL13,3103-931,WHC,WHC,WHC_WHC,Lahontan Cutthroat,LCT,WWH,Whitehorse Creek,2020,fin clips
alignWWH5_PL13,3103-932,WHC,WHC,WHC_WHC,Lahontan Cutthroat,LCT,WWH,Whitehorse Creek,2020,fin clips
alignWWH5_PL13,3103-933,WHC,WHC,WHC_WHC,Lahontan Cutthroat,LCT,WWH,Whitehorse Creek,2020,fin clips
alignWWH5_PL13,3103-934,WHC,WHC,WHC_WHC,Lahontan Cutthroat,LCT,WWH,Whitehorse Creek,2020,fin clips
alignWWH5_PL13,3103-935,WHC,WHC,WHC_WHC,Lahontan Cutthroat,LCT,WWH,Whitehorse Creek,2020,fin clips
alignWWH5_PL13,3103-936,WHC,WHC,WHC_WHC,Lahontan Cutthroat,LCT,WWH,Whitehorse Creek,2020,fin clips
alignWWH5_PL13,3103-937,WHC,WHC,WHC_WHC,Lahontan Cutthroat,LCT,WWH,Whitehorse Creek,2020,fin clips
alignWWH5_PL13,3103-938,WHC,WHC,WHC_WHC,Lahontan Cutthroat,LCT,WWH,Whitehorse Creek,2020,fin clips
alignWWH5_PL13,3103-939,WHC,WHC,WHC_WHC,Lahontan Cutthroat,LCT,WWH,Whitehorse Creek,2020,fin clips
alignWWH5_PL13,3103-940,WHC,WHC,WHC_WHC,Lahontan Cutthroat,LCT,WWH,Whitehorse Creek,2020,fin clips
alignWWH5_PL13,3103-941,WHC,WHC,WHC_WHC,Lahontan Cutthroat,LCT,WWH,Whitehorse Creek,2020,fin clips
alignWWH5_PL13,3103-942,WHC,WHC,WHC_WHC,Lahontan Cutthroat,LCT,WWH,Whitehorse Creek,2020,fin clips
alignWWH5_PL13,3103-943,WHC,WHC,WHC_WHC,Lahontan Cutthroat,LCT,WWH,Whitehorse Creek,2020,fin clips
alignWWH5_PL13,3103-944,WHC,WHC,WHC_WHC,Lahontan Cutthroat,LCT,WWH,Whitehorse Creek,2020,fin clips
alignWWH5_PL13,3103-945,WHC,WHC,WHC_WHC,Lahontan Cutthroat,LCT,WWH,Whitehorse Creek,2020,fin clips
alignWWH5_PL13,3103-946,WHC,WHC,WHC_WHC,Lahontan Cutthroat,LCT,WWH,Whitehorse Creek,2020,fin clips
alignWWH5_PL13,3103-947,WHC,WHC,WHC_WHC,Lahontan Cutthroat,LCT,WWH,Whitehorse Creek,2020,fin clips
alignWWH5_PL13,3103-948,WHC,WHC,WHC_WHC,Lahontan Cutthroat,LCT,WWH,Whitehorse Creek,2020,fin clips
alignWWH5_PL13,3103-949,WHC,WHC,WHC_WHC,Lahontan Cutthroat,LCT,WWH,Whitehorse Creek,2020,fin clips
alignWWH5_PL13,3103-950,WHC,WHC,WHC_WHC,Lahontan Cutthroat,LCT,WWH,Whitehorse Creek,2020,fin clips
alignWWH5_PL13,3103-951,WHC,WHC,WHC_WHC,Lahontan Cutthroat,LCT,WWH,Whitehorse Creek,2020,fin clips
alignWWH5_PL13,3103-952,WHC,WHC,WHC_WHC,Lahontan Cutthroat,LCT,WWH,Whitehorse Creek,2020,fin clips
alignWWH5_PL13,3103-953,WHC,WHC,WHC_WHC,Lahontan Cutthroat,LCT,WWH,Whitehorse Creek,2020,fin clips
alignWWH5_PL13,3103-954,LWHC,LWHC,LWHC_LWHC,Lahontan Cutthroat,LCT,WWH,Little Whitehorse Creek,2020,fin clips
alignWWH5_PL13,3103-955,LWHC,LWHC,LWHC_LWHC,Lahontan Cutthroat,LCT,WWH,Little Whitehorse Creek,2020,fin clips
alignWWH5_PL13,3103-956,LWHC,LWHC,LWHC_LWHC,Lahontan Cutthroat,LCT,WWH,Little Whitehorse Creek,2020,fin clips
alignWWH5_PL13,3103-957,LWHC,LWHC,LWHC_LWHC,Lahontan Cutthroat,LCT,WWH,Little Whitehorse Creek,2020,fin clips
alignWWH5_PL13,3103-958,LWHC,LWHC,LWHC_LWHC,Lahontan Cutthroat,LCT,WWH,Little Whitehorse Creek,2020,fin clips
alignWWH5_PL13,3103-959,LWHC,LWHC,LWHC_LWHC,Lahontan Cutthroat,LCT,WWH,Little Whitehorse Creek,2020,fin clips
alignWWH5_PL13,3103-960,LWHC,LWHC,LWHC_LWHC,Lahontan Cutthroat,LCT,WWH,Little Whitehorse Creek,2020,fin clips
alignWWH6_PL14,3103-870,CC,CC,CC_CC,Lahontan Cutthroat,LCT,WWH,Cottonwood Creek,2020,fin clips
alignWWH6_PL14,3103-871,CC,CC,CC_CC,Lahontan Cutthroat,LCT,WWH,Cottonwood Creek,2020,fin clips
alignWWH6_PL14,3103-872,CC,CC,CC_CC,Lahontan Cutthroat,LCT,WWH,Cottonwood Creek,2020,fin clips
alignWWH6_PL14,3103-873,CC,CC,CC_CC,Lahontan Cutthroat,LCT,WWH,Cottonwood Creek,2020,fin clips
alignWWH6_PL14,3103-874,CC,CC,CC_CC,Lahontan Cutthroat,LCT,WWH,Cottonwood Creek,2020,fin clips
alignWWH6_PL14,3103-875,CC,CC,CC_CC,Lahontan Cutthroat,LCT,WWH,Cottonwood Creek,2020,fin clips
alignWWH6_PL14,3103-876,CC,CC,CC_CC,Lahontan Cutthroat,LCT,WWH,Cottonwood Creek,2020,fin clips
alignWWH6_PL14,3103-877,CC,CC,CC_CC,Lahontan Cutthroat,LCT,WWH,Cottonwood Creek,2020,fin clips
alignWWH6_PL14,3103-878,CC,CC,CC_CC,Lahontan Cutthroat,LCT,WWH,Cottonwood Creek,2020,fin clips
alignWWH6_PL14,3103-879,CC,CC,CC_CC,Lahontan Cutthroat,LCT,WWH,Cottonwood Creek,2020,fin clips
alignWWH6_PL14,3103-880,CC,CC,CC_CC,Lahontan Cutthroat,LCT,WWH,Cottonwood Creek,2020,fin clips
alignWWH6_PL14,3103-881,CC,CC,CC_CC,Lahontan Cutthroat,LCT,WWH,Cottonwood Creek,2020,fin clips
alignWWH6_PL14,3103-882,CC,CC,CC_CC,Lahontan Cutthroat,LCT,WWH,Cottonwood Creek,2020,fin clips
alignWWH6_PL14,3103-883,CC,CC,CC_CC,Lahontan Cutthroat,LCT,WWH,Cottonwood Creek,2020,fin clips
alignWWH6_PL14,3103-884,CC,CC,CC_CC,Lahontan Cutthroat,LCT,WWH,Cottonwood Creek,2020,fin clips
alignWWH6_PL14,3103-885,CC,CC,CC_CC,Lahontan Cutthroat,LCT,WWH,Cottonwood Creek,2020,fin clips
alignWWH6_PL14,3103-886,CC,CC,CC_CC,Lahontan Cutthroat,LCT,WWH,Cottonwood Creek,2020,fin clips
alignWWH6_PL14,3103-887,CC,CC,CC_CC,Lahontan Cutthroat,LCT,WWH,Cottonwood Creek,2020,fin clips
alignWWH6_PL14,3103-888,CC,CC,CC_CC,Lahontan Cutthroat,LCT,WWH,Cottonwood Creek,2020,fin clips
alignWWH6_PL14,3103-889,CC,CC,CC_CC,Lahontan Cutthroat,LCT,WWH,Cottonwood Creek,2020,fin clips
alignWWH6_PL14,3103-890,CC,CC,CC_CC,Lahontan Cutthroat,LCT,WWH,Cottonwood Creek,2020,fin clips
alignWWH6_PL14,3103-961,LWHC,LWHC,LWHC_LWHC,Lahontan Cutthroat,LCT,WWH,Little Whitehorse Creek,2020,fin clips
alignWWH6_PL14,3103-962,LWHC,LWHC,LWHC_LWHC,Lahontan Cutthroat,LCT,WWH,Little Whitehorse Creek,2020,fin clips
alignWWH6_PL14,3103-963,LWHC,LWHC,LWHC_LWHC,Lahontan Cutthroat,LCT,WWH,Little Whitehorse Creek,2020,fin clips
alignWWH6_PL14,3103-964,WHC,WHC,WHC_WHC,Lahontan Cutthroat,LCT,WWH,Whitehorse Creek,2020,fin clips
alignWWH6_PL14,3103-965,WHC,WHC,WHC_WHC,Lahontan Cutthroat,LCT,WWH,Whitehorse Creek,2020,fin clips
alignWWH6_PL14,3103-966,WHC,WHC,WHC_WHC,Lahontan Cutthroat,LCT,WWH,Whitehorse Creek,2020,fin clips
alignWWH6_PL14,3103-967,WHC,WHC,WHC_WHC,Lahontan Cutthroat,LCT,WWH,Whitehorse Creek,2020,fin clips
alignWWH6_PL14,3103-968,WHC,WHC,WHC_WHC,Lahontan Cutthroat,LCT,WWH,Whitehorse Creek,2020,fin clips
alignWWH6_PL14,3103-969,WHC,WHC,WHC_WHC,Lahontan Cutthroat,LCT,WWH,Whitehorse Creek,2020,fin clips
alignWWH6_PL14,3103-970,WHC,WHC,WHC_WHC,Lahontan Cutthroat,LCT,WWH,Whitehorse Creek,2020,fin clips
alignWWH6_PL14,3103-971,WHC,WHC,WHC_WHC,Lahontan Cutthroat,LCT,WWH,Whitehorse Creek,2020,fin clips
alignWWH6_PL14,3103-972,WHC,WHC,WHC_WHC,Lahontan Cutthroat,LCT,WWH,Whitehorse Creek,2020,fin clips
alignWWH6_PL14,3103-973,WHC,WHC,WHC_WHC,Lahontan Cutthroat,LCT,WWH,Whitehorse Creek,2020,fin clips
alignWWH6_PL14,3103-974,WHC,WHC,WHC_WHC,Lahontan Cutthroat,LCT,WWH,Whitehorse Creek,2020,fin clips
alignWWH6_PL14,3103-975,WHC,WHC,WHC_WHC,Lahontan Cutthroat,LCT,WWH,Whitehorse Creek,2020,fin clips
alignWWH6_PL14,3103-976,WHC,WHC,WHC_WHC,Lahontan Cutthroat,LCT,WWH,Whitehorse Creek,2020,fin clips
alignWWH6_PL14,3103-977,WHC,WHC,WHC_WHC,Lahontan Cutthroat,LCT,WWH,Whitehorse Creek,2020,fin clips
alignWWH6_PL14,3103-978,WHC,WHC,WHC_WHC,Lahontan Cutthroat,LCT,WWH,Whitehorse Creek,2020,fin clips
alignWWH6_PL14,3103-979,WHC,WHC,WHC_WHC,Lahontan Cutthroat,LCT,WWH,Whitehorse Creek,2020,fin clips
alignWWH6_PL14,3103-980,WHC,WHC,WHC_WHC,Lahontan Cutthroat,LCT,WWH,Whitehorse Creek,2020,fin clips
alignWWH6_PL14,3103-981,WHC,WHC,WHC_WHC,Lahontan Cutthroat,LCT,WWH,Whitehorse Creek,2020,fin clips
alignWWH6_PL14,3103-982,WHC,WHC,WHC_WHC,Lahontan Cutthroat,LCT,WWH,Whitehorse Creek,2020,fin clips
alignWWH6_PL14,3103-983,WHC,WHC,WHC_WHC,Lahontan Cutthroat,LCT,WWH,Whitehorse Creek,2020,fin clips
alignWWH6_PL14,3103-984,WHC,WHC,WHC_WHC,Lahontan Cutthroat,LCT,WWH,Whitehorse Creek,2020,fin clips
alignWWH6_PL14,3103-985,WHC,WHC,WHC_WHC,Lahontan Cutthroat,LCT,WWH,Whitehorse Creek,2020,fin clips
alignWWH6_PL14,3103-986,WHC,WHC,WHC_WHC,Lahontan Cutthroat,LCT,WWH,Whitehorse Creek,2020,fin clips
alignWWH6_PL14,3103-987,LWHC,LWHC,LWHC_LWHC,Lahontan Cutthroat,LCT,WWH,Little Whitehorse Creek,2020,fin clips